name1,name2,logits_original_direction,logits_reverse,logits_random,logits_random_reverse,can_reverse
Annie Murphy,Menno Versteeg,-0.7476458836623685,-0.8157600234625484,-0.7348238221986323,-0.6934849445201774,True
Golshifteh Farahani,Christos Dorje Walker,-1.12649357425681,-0.6933691335309904,-0.9796963486720527,-0.6932464969842034,False
Kate Mara,Jamie Bell,-0.7054157425058918,-2.1951418734717434,-0.706002594349032,-0.699885378547652,True
Josh Hartnett,Tamsin Egerton,-5.681372587035628,-0.926945976107346,-1.1271209754033933,-0.7159766029805557,True
Jennifer Lawrence,Cooke Maroney,-0.6939105998904687,-0.7071173688518799,-0.6977624259282411,-0.693171167593774,True
Aaron Taylor-Johnson,Sam Taylor-Johnson,-0.7927891108901761,-0.7245077742895241,-0.6948146725906508,-0.6940129503162922,True
Rebecca Ferguson,Rory Dodd,-1.3261840035432488,-0.6932114807879177,-0.7127389327317015,-0.693295740882613,False
Chris Hemsworth,Elsa Pataky,-0.7004851933634431,-0.6935010614845698,-1.0988477805032044,-0.6931870841828527,True
Wes Anderson,Juman Malouf,-5.371505697208088,-0.558896303103996,-1.103536680049678,-1.0989696038850871,True
Zazie Beetz,David Rysdahl,-0.8274986444596522,-0.6797874089412144,-0.7085116288394495,-0.6932555401624647,True
Arnold Schwarzenegger,Arnold Schwarzenegger is divorced. His former spouse is Maria Shriver.,-2.309431764158215,-0.6932456798522786,-0.6946939459966703,-0.6932017494242224,False
Rory Culkin,Sarah Scrivener,-0.7045728664947966,-0.6932148723875482,-0.6990840350351633,-0.6932259018093614,False
Cobie Smulders,Taran Killam,-0.9723138722621911,-0.6663261218338938,-0.6995553180132799,-0.6950596270825322,True
Harrison Ford,Calista Flockhart,-0.7011443163983611,-2.6765906352086617,-0.6942802100858003,-1.0988018484083941,True
Gal Gadot,Yaron Varsano,-4.131104045293398,-0.6994753633086344,-0.693590947662134,-0.6941123624912411,True
Salma Hayek,François-Henri Pinault,-0.7175450324769752,-0.7422950195166127,-0.6933199005051058,-0.6934248500098104,True
Anson Mount,Darah Trang,-3.1240077016437393,-0.693177497247488,-1.1025313678940583,-0.6932329879182841,True
Margot Robbie,Tom Ackerley,-0.7017339042406956,-0.8961054444671399,-0.6943220970254558,-0.6941316133157525,True
Nicolas Cage,Riko Shibata,-1.5795498697651382,-0.6753707240644502,-0.6996945220425079,-0.6931652715996668,True
Treat Williams,Pamela Van Sant,-1.2843960478286691,-0.693272359087584,-0.7844109182437569,-0.693226081044644,False
Rebecca Romijn,Jerry O'Connell,-0.6971838238261059,-0.7034019091528272,-0.6932596670089186,-0.6933626118547735,True
Rebecca Romijn,Jerry O'Connell,-0.6971838238261059,-0.7034024935436882,-0.6932570777874139,-0.6936701131841101,True
Aaron Paul,Lauren Parsekian,-0.7050835768988133,-0.7040475165789211,-0.6940085691336932,-0.7114415464615327,True
Elliot Page,Emma Portner,-0.7019048042739318,-0.7460822148375694,-0.7019573374399855,-0.6949805719138347,True
Robin Tunney,Nicky Marmet,-0.7081067518513429,-0.6785355456821058,-0.7099434609576658,-0.6931608253055401,True
Sarah Snook,Dave Lawson,-0.7241313498902047,-0.6931553551813874,-0.7438889215100142,-0.6931606342686472,False
Zoe Saldana,Marco Perego,-0.6939624875095642,-1.9171876790014446,-0.6938128729713231,-1.1021742110140398,True
Ben Mendelsohn,Emma Forrest,-0.7303620993738731,-0.5949212525074241,-0.722563317954867,-0.7013174581322179,True
Jeremy Allen White,Addison Timlin,-0.7317251824375841,-1.2345302532653308,-0.7516573091999286,-0.8605276551340539,True
Scarlett Johansson,Colin Jost,-0.7044509120490616,-0.6940220137443998,-0.6968342914435741,-0.6934849414537183,True
James Cameron,Suzy Amis Cameron,-1.1339158348301943,-0.6932984104690973,-0.6949686100725447,-0.6931685160424212,True
Kaley Cuoco,Karl Cook,-1.3253958904124854,-3.3167924289853286,-0.69338073368443,-0.6934308019631175,True
Samuel L. Jackson,LaTanya Richardson,-0.7108353772292535,-1.1293551107634432,-0.6943757212084201,-0.6931803240708456,True
Shea Whigham,Christine Whigham,-1.2418787675700713,-0.7058887715819093,-1.2639933388574338,-0.6932618823847649,False
Julian Sands,Evgenia Citkowitz,-1.0446199279010466,-0.701844975778382,-1.7186325658457697,-0.6997878655795944,True
Christopher Nolan,Emma Thomas,-0.6976476000917771,-0.6654648643100458,-0.7243377660439752,-0.6934638925895911,True
Tom Hanks,Rita Wilson,-2.209357709923977,-0.6546488473084047,-0.6932204005520539,-0.6931644752638224,True
Gabriel Macht,Jacinda Barrett,-2.1462536875429734,-1.1755150993035315,-2.260497040165733,-0.716649007716109,True
Fabiana Udenio,Jud Meyers,-0.6973367856080035,-0.5954434789678258,-0.6967635967068935,-0.6931760990166618,False
Tom Bateman,Daisy Ridley,-0.8163461816079955,-0.709584169143918,-0.7892534372641986,-0.6933035313947133,True
Jason Schwartzman,Brady Cunningham,-0.7602995943773294,-0.6931665714502397,-1.1282452713777982,-0.6932059437715008,True
Jesse Plemons,Kirsten Dunst,-3.0326405373520426,-0.8783735744288013,-0.6956063310474967,-0.7002925066793599,True
Alan Ritchson,Catherine Ritchson,-5.210563643727298,-0.6889076412299868,-0.7077820861736477,-0.7083174966013521,True
Cillian Murphy,Yvonne McGuinness,-8.34069212521719,-0.7126275192772935,-1.1719321886840532,-1.0241200568939064,True
Meghan Markle,Prince Harry,-0.6932662025282053,-0.6987455631356223,-0.6932106470891952,-0.6932259967589278,True
Nicole Kidman,Keith Urban,-0.7868896758628949,-0.6609440582904806,-0.6934427649222581,-0.6933373762910797,True
John Hannah,Joanna Roth,-0.8127544347193307,-0.6785528376994527,-1.13004422248801,-0.6931631969535026,True
Kate Winslet,Edward Abel Smith,-1.1373668005837079,-0.6932999202085242,-0.7002870576555225,-0.693359738448537,True
Rose Byrne,Bobby Cannavale,-2.2380294179646256,-0.8361194521778792,-0.6940607442863929,-0.6993578794708899,True
Alana De La Garza,Michael Roberts,-1.320819282394007,-1.398736843836767,-0.8161748425140924,-0.6932162208491928,False
Chris Pratt,Katherine Schwarzenegger,-0.8863127489855351,-0.6937390090571878,-0.8862086859306046,-0.6932745102065017,True
Mia Sara,Brian Henson,-0.6991913594076182,-0.7331838359916967,-0.6981294573680126,-0.8225527894350018,True
Sylvester Stallone,Jennifer Flavin,-1.151706760801023,-1.1234184898504598,-0.700476589659873,-0.693525303667478,True
Taylor Sheridan,Nicole Muirbrook,-0.8773735679630876,-0.6931905165389818,-0.7794160619623893,-0.6931542631788359,False
Tom Hardy,Charlotte Riley,-0.7014271573800457,-0.5958042095496587,-0.6962283473152073,-0.6951602854539978,True
Melissa Rauch,Winston Beigel,-0.7377848122816726,-0.747177356741739,-0.6983257498792437,-0.6932342148973145,True
Daniel Bernhardt,Lisa Stothard,-0.6932281033584982,-0.6931861425824595,-0.693167953819362,-0.693208362148706,False
Cole Hauser,Cynthia Daniel,-2.8004495781964556,-0.7053751394165833,-1.3956942358154265,-0.6983288771429432,True
Scott Adkins,Lisa Adkins,-0.702298734505372,-0.7322748172218612,-0.6979639184648088,-0.6932138913748496,False
Erica Durance,David Palffy,-0.7084286633291832,-0.709015140161589,-0.8107208782531927,-0.6932070014445992,True
Helen Slater,Robert Watzke,-0.9610617658407401,-0.6931581735747177,-0.700360662715326,-1.0986433066418684,False
Vin Diesel,Paloma Jiménez,-0.693640127077499,-2.4835851842318837,-0.6934300568636882,-0.6933444537324824,True
Meaghan Rath,Jack Cutmore-Scott,-0.7811395914854398,-0.695003233634309,-0.7030835462284841,-0.6999933196789874,False
Keri Russell,Matthew Rhys,-0.6971584750079742,-2.57400879248852,-0.7021922453608713,-0.7016702322411046,True
Kelly Reilly,Kyle Baugher,-0.7015157196002484,-0.6522301919571127,-0.7029625212217692,-0.6931590653563937,False
Jason Statham,Rosie Huntington-Whiteley,-0.696470308210448,-0.6995716240653334,-0.6936940020756817,-0.6932664471528955,True
Poppy Montgomery,Shawn Sanford,-0.7553438840855407,-0.6784524819421565,-0.7184227412352229,-0.7150910873936134,True
Jennifer Connelly,Paul Bettany,-0.693442098079645,-1.007056496058227,-0.6932529348154475,-0.6938384756534353,True
Hilarie Burton,Jeffrey Dean Morgan,-1.1023841697692376,-2.818299803910171,-0.6939358121647672,-1.0999769289797428,True
Ralph Ineson,Ali Ineson,-1.1111202227928496,-3.625545468661848,-0.6946769509143804,-0.6931635362402648,False
Dagmara Dominczyk,Patrick Wilson,-0.7378992073194688,-5.407421427902785,-1.106580307172523,-4.723297912958651,False
Kaitlyn Leeb,Ted Leeb,-0.698134195640959,-0.6932021211777251,-0.7034375128135082,-0.6931625270254482,False
Quentin Tarantino,Daniella Pick,-0.7416783982626445,-0.7163414119093607,-0.6937299106363337,-0.6997362439141286,True
Olivia Colman,Ed Sinclair,-1.0789150751265986,-0.687979735306735,-0.704492088870107,-0.6934754192683972,True
Idris Elba,Sabrina Dhowre Elba,-1.8254540629284204,-0.6934307566395006,-0.6946310153486497,-0.69332221921238,True
Matthew McConaughey,Camila Alves,-0.7112225091174942,-0.7280520325709494,-0.6933678538256416,-0.6934335726712595,True
Jeffrey Dean Morgan,Hilarie Burton,-2.818299803910171,-1.1023841697692376,-2.8185045320132955,-0.6938714939028578,True
Sarah Rafferty,Santtu Seppälä,-0.7565133659437562,-0.7057102154220587,-0.7060870988158099,-0.6944320597277613,True
Steven Spielberg,Kate Capshaw,-2.0877963969416715,-0.6936081767708737,-2.093520749074475,-0.6932557121473808,True
Amanda Seyfried,Thomas Sadoski,-0.6944870799268781,-0.6980674088845618,-0.6940398766839841,-0.694595686550274,True
Emmy Rossum,Sam Esmail,-0.7095991866179929,-0.7475217209445653,-0.6962994551051516,-0.7014080441973345,True
Rachel Brosnahan,Jason Ralph,-0.7028405340704476,-0.7969357877895931,-0.7025492232770798,-0.776471896385794,True
Jason Bateman,Amanda Anka,-0.716748442851614,-0.7489966391855809,-0.6945626035083148,-0.6937706406124828,True
Ryan Reynolds,Blake Lively,-0.69322369810331,-0.6942685863090627,-0.6931716242761912,-1.0986521083224279,True
Elizabeth Olsen,Robbie Arnett,-0.7117615381996618,-0.6975329878450909,-0.7213138437322453,-2.766168648490322,True
Robert Downey Jr.,Susan Downey,-0.72701322836072,-1.0209114386339895,-0.7063339041588339,-0.693183594820411,True
Kevin Costner,Christine Baumgartner,-0.7170724805868556,-0.7010327561481038,-1.1017916029779293,-1.0999926730591083,True
Bryce Dallas Howard,Seth Gabel,-2.1426378025055914,-3.324018859139988,-0.6996671753701538,-0.7538383037663827,True
Chris Messina,Jennifer Todd,-3.090146921694939,-0.717330483751895,-0.7024439704883703,-0.7132970286707341,False
Adam Sandler,Jackie Sandler,-0.7052560002407784,-0.6944574182627665,-0.6934811391749811,-0.6933632375010355,True
Guy Ritchie,Jacqui Ainsley,-0.9514606189655073,-0.6971006507432627,-0.6941581374436367,-0.6954356265344632,True
Ryan Gosling,Eva Mendes,-0.7096736671413666,-0.7014509219043852,-0.6940069843334236,-0.6931824529614428,True
Jason Momoa,Lisa Bonet,-0.8109912396489687,-0.6985172709649996,-0.6954382531593151,-0.6938744069343388,True
Kieran Culkin,Jazz Charton,-1.4830828924020674,-0.772753392984467,-0.7225993924924108,-0.6933163249217662,True
Teresa Palmer,Mark Webber,-0.6974776730377581,-0.7064209606007052,-0.6964511079651157,-0.7328645128166125,True
Natasha Lyonne,Fred Armisen,-0.8008759249706667,-0.7034109942862674,-0.7063004243732589,-0.6971895141429822,False
Katee Sackhoff,Robin Gadsby,-0.7641002171793065,-0.6872955322921293,-0.7140629234625617,-0.6932221364859297,False
Christian Bale,Sibi Blazic,-6.0820204009663925,-0.7079596690992398,-0.6984062169189329,-0.6937135184313128,True
Dwayne Johnson,Lauren Hashian,-0.6959475285081638,-2.073026347099592,-0.6937548476503448,-1.098919858927765,False
Emily Blunt,John Krasinski,-0.6936683972040605,-0.6937681590704958,-0.6933078065798295,-0.6938639155605184,True
Aubrey Plaza,Jeff Baena,-0.6962167958567864,-0.746843440672798,-0.6941395112990225,-0.7016998156325096,True
Lauren Lee Smith,Erik Lee Steingröver,-1.6831744034030045,-1.0986374488307469,-0.748117531567841,-0.6932171179890956,False
Mel Gibson,Rosie Huntington-Whiteley,-0.8457951333836915,-0.6932537232860891,-0.7119715020431183,-0.6932140047138606,False
Mary Lynn Rajskub,Matthew Rolph,-0.7403751492963853,-0.9786886337956098,-0.7258796053770755,-0.6931877379002085,True
Betty Gilpin,Cosmo Pfeil,-0.7814528687250011,-0.7053272581603345,-1.4824096715634791,-0.6931608544170818,False
Mia Goth,Shia LaBeouf,-0.7528950304127431,-2.57731259136298,-0.7024575306347778,-2.5775715596785256,False
Cassidy Freeman,Justin Carpenter,-0.7198016881877329,-0.7098347858665495,-0.6951078851534271,-0.6931525993243639,False
Brian Cox,Gia Milinovich,-3.4652161055217423,-0.7592871846658502,-0.9862525148455017,-1.1617844056664124,True
Denzel Washington,Pauletta Washington,-3.007065945514377,-0.7013503046932037,-3.007259242577163,-0.6963977473954301,True
Bill Skarsgård,Alida Morberg,-0.7227492899447547,-0.7055983098507594,-0.6983349066787223,-0.6940452614261865,True
Shaun Dooley,Polly Cameron,-0.7216186194953167,-0.6879495886046794,-0.7204709754962693,-0.6932757224176509,False
Patrick J. Adams,Troian Bellisario,-0.7027214120052889,-1.0995802273371869,-0.6932650595425578,-0.693545892727947,True
Amy Brenneman,Brad Silberling,-0.9966657687976372,-0.8085893881277215,-0.8204029732693385,-0.7194440281514414,True
Matthew Macfadyen,Keeley Hawes,-1.2725665675756925,-0.732657484851643,-0.7355097676965467,-0.7059388967695153,True
Andy Muschietti,Barbara Muschietti,-0.8411570234907328,-0.645477652278946,-1.1140148012031483,-0.7194039473204796,False
Abby Elliott,Bill Kennedy,-0.7400259005076082,-0.7066557678085807,-0.7020650518995604,-0.6931684104488003,False
Dermot Mulroney,Tharita Cesaroni,-0.7330170299050387,-0.7360656290312306,-0.6981327962891513,-0.7022747449058269,True
Lizzy Caplan,Tom Riley,-0.7118962805286948,-3.055600388828001,-1.10385607566678,-0.8838062261591872,True
Maggie Siff,Paul Ratliff,-2.660112335088421,-0.6822485519801429,-0.7354859871327264,-0.6931923896065939,True
Melanie Lynskey,Jason Ritter,-0.7818033992177753,-1.939468742312819,-0.7027844258348814,-0.7742935033625926,True
Alison Doody,Douglas De Jager,-1.1044559435830523,-0.6932137294432277,-0.6977113063229909,-0.6931769415182725,False
Ebon Moss-Bachrach,Yelena Yemchuk,-1.1148684102139228,-0.6939503582853135,-1.6526577854233704,-0.6934084110779466,False
Timothy Olyphant,Alexis Knief,-0.8469029989783037,-0.64286962111166,-0.8469029989783037,-0.6964636598186136,True
Walton Goggins,Nadine Ellis,-0.8776771770910132,-0.735176029135582,-1.015572527284342,-0.693398502139198,False
George Clooney,Amal Clooney,-0.6950515287266246,-0.6938615562040713,-0.6936743910289049,-0.6931806589896006,True
Elizabeth Banks,Max Handelman,-0.697064131242108,-0.6945406818312208,-0.6940602183592919,-0.6936403764872257,True
John Goodman,Annabeth Hartzog,-0.7253351241759454,-0.6799209788404355,-0.7151880931775949,-1.0991861059196673,False
Michelle Monaghan,Peter White,-1.0944092925978905,-0.694006413710115,-0.7029257402184594,-0.6932122794400559,True
Jeremy Strong,Emma Wall,-0.7773016845730236,-0.6931900593101581,-1.0332541109840214,-1.0986771530883335,False
Martin Scorsese,Helen Morris,-0.7180237082162044,-0.6933450656160876,-0.7226028645387466,-0.6932328785650217,True
Samara Weaving,Mark Webber,-1.8190436816356819,-0.7088480318345534,-0.8140074122266077,-0.7132850796352157,False
Emma Stone,Dave McCary,-0.7080738877415573,-0.6565666307925904,-0.6935175333716685,-0.6937240714024355,True
Kaitlin Olson,Rob McElhenney,-0.7055419507305789,-5.469612619938923,-0.6993079359971102,-5.469620606712085,True
Michael Shannon,Kate Arrington,-8.5830734761728,-0.7975873361733852,-0.722216703338141,-0.7628633609337001,True
Matt Damon,Luciana Barroso,-0.7362199995982284,-0.6080512059904706,-0.7010773301026667,-0.693180768535786,True
Sam Worthington,Lara Bingle,-0.9329857205792553,-0.7063234311409001,-0.7035420990478709,-0.6936889285657735,True
Shailene Woodley,Aaron Rodgers,-0.6951227541285334,-0.6989013883030903,-0.6951170284285215,-0.6940855925019331,True
Harriet Walter,Guy Paul,-0.8309838564906737,-0.6950336938083197,-0.8205181210238175,-0.6931844713078661,False
Elisha Cuthbert,Dion Phaneuf,-2.489263916993699,-1.5482597165232708,-1.0994668732876738,-0.6970283792790788,True
Richard Dormer,Rachel O'Riordan,-0.6934851808252418,-0.5976657991259042,-0.6933376092938222,-0.6934414873848338,False
Riley Keough,Benjamin Smith-Petersen,-0.7356694995753497,-0.6933353716345296,-0.7008636270393644,-0.6932213312911797,True
Mary Elizabeth Winstead,Ewan McGregor,-0.9239703770389269,-3.112978900067251,-1.259084384599305,-0.6948312040583442,True
Caitríona Balfe,Tony McGill,-1.00061182101663,-0.6931944230129403,-0.7015062152256242,-0.693197205678592,False
Ryan Hurst,Molly Cookson,-4.290140317250665,-0.704465818705966,-1.260224517633798,-0.6931618964591095,True
Christopher Reeve,Dana Reeve,-2.0582021261841,-0.6945197219319486,-0.6938824642168102,-0.6936684787403546,False
Oscar Isaac,Elvira Lind,-1.2813097113192704,-3.8599552436429017,-0.7003777441588692,-1.1381213589809072,True
Megan Fox,Machine Gun Kelly,-1.0992806385873948,-0.7258518678543364,-0.6934160080571985,-0.7063568835454337,False
Meryl Streep,Don Gummer,-0.7271376718836962,-4.2828628454729865,-0.72696928039794,-0.694382538621376,True
Mark Wahlberg,Rhea Durham,-4.813726105173996,-0.6621481374007736,-0.7335704594531354,-1.3863520972954806,True
Rosamund Pike,Robie Uniacke,-0.7010666321262686,-0.7370099752825432,-0.6952209417039086,-1.4164667007684235,True
Morena Baccarin,Ben McKenzie,-0.695069359047725,-1.198526624964332,-0.7007914370530282,-1.1320257098356485,True
Rufus Sewell,Hari Sewell,-0.7704409343157375,-0.693158884664733,-0.7470593669976573,-0.6931544150661164,False
Natalie Portman,Benjamin Millepied,-0.6989043847220309,-1.3083016458867682,-0.6936711948043524,-0.6932746956060161,True
Cate Blanchett,Andrew Upton,-0.6952561222725979,-2.476530692046829,-0.693686560858529,-2.482477250482594,True
Sara Ramirez,Ryan DeBolt,-0.744400169344468,-1.1134601626910632,-0.7184197185010817,-0.7014981181452669,True
Jessica Brown Findlay,Zygi Kamasa,-0.714364505087616,-1.0986778745716013,-0.7025395787847772,-0.6931660836112297,False
Elsa Pataky,Chris Hemsworth,-0.6935010614845698,-0.7004851933634431,-0.6931749543891748,-0.7005761551748169,True
Rob Delaney,Leah Delaney,-0.9014289089062526,-0.7291563027495158,-0.7667818395802577,-0.6932169460279347,False
Linda Cardellini,Steven Rodriguez,-0.9412200077770212,-0.6932517197244383,-0.7109842933967645,-0.6931939322456966,False
Bruce Willis,Emma Heming Willis,-1.1796501356589157,-0.695011062167854,-0.7023078416178556,-0.6958496186065961,True
Melissa McCarthy,Ben Falcone,-0.7077689091324739,-0.6236884923742485,-0.6938982952030752,-0.6933319272076455,True
Martyn Ford,Sacha Stacey,-0.6932551887811282,-0.7123694948344506,-0.693227561020322,-0.8873272072650797,False
Amy Adams,Darren Le Gallo,-1.1823294810089546,-0.8703272761948897,-0.6956223459910351,-0.693355455645305,True
Rachel McAdams,Jamie Linden,-0.7090540572864583,-0.7068116961614468,-0.6945071759326034,-0.6998584627703046,False
Sofia Coppola,Thomas Mars,-0.6960959545076086,-1.2410223437252057,-0.6944417300249768,-1.1794066152802554,True
Anne Hathaway,Adam Shulman,-0.6937901352714437,-0.6932057190576497,-0.6935749218531857,-0.6931770630182186,True
Jackie Sandler,Adam Sandler,-0.6944574182627665,-0.7052560002407784,-0.6935237633428137,-0.6935390491887325,True
Sienna Guillory,Enzo Cilenti,-0.9276991268301309,-1.093116423071523,-0.9287243667575984,-0.7659191124197715,True
Paul Dano,Zoe Kazan,-2.4119163106840533,-0.7005272034000054,-0.7751808682414811,-0.6933194100432303,False
Michelle Pfeiffer,David E. Kelley,-1.135829868875021,-0.7215090939950688,-0.6970008326139805,-0.7172908008607717,True
Sam Claflin,Laura Haddock,-0.8832527176944733,-0.6955039603307949,-0.7009465721054742,-0.6948310172545851,False
Jim Caviezel,Kerri Browitt Caviezel,-2.0513228964244474,-0.7062213098819949,-0.7063193444638429,-0.694223881574767,True
Iliza Shlesinger,Noah Galuten,-0.7138071635579024,-1.3469400342086768,-0.6994110076386892,-0.7056313489576809,True
Tracy Pollan,Michael J. Fox,-1.0992020862026362,-0.7737278392379245,-0.6931665533447102,-0.694353778922272,True
Jensen Ackles,Danneel Ackles,-1.0509229340895097,-1.4158124342021736,-1.0526913111337368,-0.696335782083084,True
Steve Zahn,Robyn Peterman,-0.8644066967339672,-0.6937041698234019,-0.7006319814558495,-0.6936784468329202,True
Nicholas Burns,Libby Burns,-0.7333791784697699,-0.6977716447621942,-0.6932490852591409,-0.693173829250906,False
Rashida Jones,Ezra Koenig,-0.7675460364371833,-2.176495962986473,-0.7337765545081858,-0.7751630656999726,True
Alicia Vikander,Michael Fassbender,-0.7099690645979386,-0.8110067294889074,-0.6934099710136667,-0.8098471930295581,True
Alexandra Billings,Chrisanne Blankenship,-0.8154458559504336,-0.693257863439074,-0.7957620527939895,-0.6932472739897104,False
Melanie Scrofano,Jeff Scrofano,-1.1194230385222212,-0.6931988238270215,-0.7101534892955961,-0.693236796191302,False
Sandra Bullock,Bryan Randall,-0.7345409436732941,-0.8204495947606771,-0.7343811101521176,-0.6953932010429673,False
Julianna Guill,Ben McMillan,-0.8954047770581921,-0.6595033112528998,-0.7226458919788996,-0.6931721106019157,False
Christa Miller,Bill Lawrence,-0.7072128581952128,-1.4930291501595114,-0.7072581984890602,-0.7105843561203002,True
Charlie Brooker,Konnie Huq,-6.431413507486474,-0.6962579334008652,-0.7367245159960945,-0.6949836041125472,True
Javier Bardem,Penélope Cruz,-0.6941181608617688,-1.588301305270667,-0.6931644881522443,-0.6932474684669074,True
Rupert Friend,Aimee Mullins,-6.230519526720461,-0.9293214762012596,-0.7052092571445421,-0.749104471332112,True
Ashley Johnson,Brian Wayne Foster,-1.1011907827101917,-0.6741255347362003,-0.6963737908874492,-0.6931832563603653,True
Priyanka Chopra Jonas,Nick Jonas,-0.6935415015028035,-1.0991044256139704,-0.6933760762676986,-0.7042581306263873,True
Blake Lively,Ryan Reynolds,-0.6942685863090627,-0.69322369810331,-0.6931676252106502,-0.6931572528548422,True
Vanessa Ray,Landon Beard,-4.38229766840416,-0.7091948726214721,-1.2337991490337554,-0.6932005088884985,True
Karl Urban,Katee Sackhoff,-0.6978048350487303,-1.878392646266832,-0.7007768788566935,-0.7067944870805558,False
Clancy Brown,Jeanne Johnson,-0.7872660087700254,-0.6931698476290187,-0.9130155600673389,-0.6932665674495979,False
Jennifer Love Hewitt,Brian Hallisay,-0.8807903447931196,-1.5077174171494612,-0.6943443142856136,-0.7051222950173148,True
Charlie Day,Mary Elizabeth Ellis,-1.2644657034378675,-0.6552206228135535,-0.6952370823504257,-0.6945861816565362,True
Alexander Ludwig,Lauren Dear,-0.6955279214088081,-0.6936896688649075,-0.6949743242205395,-0.6943948735104337,False
Catalina Sandino Moreno,David Elwell,-1.0858972195978538,-1.0986636402426866,-0.7167137109492092,-0.6931691126064923,False
Donnie Yen,Cissy Wang,-5.453049703945009,-0.630973703176684,-0.7040991693432588,-0.6931649226322651,True
Greta Gerwig,Noah Baumbach,-1.0365776144833845,-1.0904344982629581,-0.6947352139908887,-0.695444966027635,True
Michael J. Fox,Tracy Pollan,-0.7737278392379245,-1.0992020862026362,-0.6936996670839619,-0.6941343674673455,True
Jon Bernthal,Erin Angle,-0.7645282197428855,-0.7030863183406488,-0.6958529842917756,-0.6955319904570612,True
Anthony Carrigan,Gia Olimp,-0.6936441074559543,-0.6932709937834396,-0.6934303944377884,-0.6932123154752023,False
Jack Quaid,Lizzy McGroder,-3.3630621389467423,-0.6656065524122052,-0.7621229954429589,-0.6931591802547654,False
Kelly Macdonald,Douglas Payne,-1.0815989402308706,-0.7042230060824153,-0.7796249683181884,-0.693166015529032,False
Will Smith,Jada Pinkett Smith,-5.58896454827595,-0.6933693829066119,-0.6933584686425167,-0.6931957445522325,True
Léa Seydoux,André Meyer,-0.7070386520455401,-0.8030952776113205,-0.8200867714740108,-0.6932514843703839,False
Nicole Wallace,Michael Schmidt,-0.7076659062334132,-0.6932099120635513,-0.7020511093311548,-0.6931671295185673,False
Meagan Good,DeVon Franklin,-0.6970785213003108,-0.7407948174941978,-0.6962087134914121,-0.6947692201932156,True
Eliza Dushku,Peter Palandjian,-0.7807967097628925,-0.7303837526007602,-0.7022119801034368,-0.7031639466205215,True
Rachel Weisz,Daniel Craig,-0.6969737312607833,-1.4558891902542594,-0.6931928762538124,-0.6977678641409799,True
Joaquin Phoenix,Rooney Mara,-0.698996432524754,-0.7580696061048151,-0.694852315452616,-0.6946521806694381,True
Sigourney Weaver,Jim Simpson,-0.8779681706704157,-0.7629928804826687,-0.7750672262884049,-0.6934230089067066,True
Seth Rogen,Lauren Miller,-0.6996912820097236,-2.2483079122725353,-0.6932694573034599,-0.7053073596064898,True
David Tennant,Georgia Moffett,-0.7550905051681234,-0.6937563095816017,-1.1012858285057856,-0.6935881705349072,True
Christina Ricci,Mark Hampton,-0.6968799634242302,-0.6932971475826122,-1.1027493053909119,-0.6932034552724389,False
Lily Rabe,Hamish Linklater,-0.9585907456107705,-1.0123647368190403,-0.9388905539574726,-0.793357626418528,True
Tia Carrere,Simon Wakelin,-0.7423288907510557,-0.6931957981724004,-0.7025620234051466,-0.6931936300000778,False
Natalie Morales,Joe Rhodes,-0.705160395809644,-0.7005944902421284,-0.6968139357032062,-0.6931844893380887,True
Jodie Whittaker,Christian Contreras,-0.6949710877410027,-0.7070755506156239,-0.693912600174877,-0.6931532328673411,True
Laura Linney,Marc Schauer,-0.723099781082059,-0.6601248768099772,-0.7016842381786379,-0.6931576479453962,True
Michael Biehn,Jennifer Blanc,-0.7347987013793462,-0.9345776577230849,-0.8744365020953202,-0.7021191285785617,True
Sarah Shahi,Adam Demos,-0.7034168235469096,-0.721038915709924,-0.6971216525819592,-0.6932294981736593,False
Sean Patrick Flanery,Lauren Michelle Hill,-1.0994678986448614,-1.1438922097181825,-0.6939659651675312,-0.7375384478440346,False
Bruce Campbell,Ida Gearon,-0.7229663700125419,-0.6786090958280431,-0.705214898967113,-0.6931758424756538,True
Jason Isaacs,Emma Hewitt,-1.3683922836990625,-2.222407253460771,-1.1709094774570925,-0.695437789169139,False
Jay Baruchel,Rebecca-Jo Dunham-Baruchel,-1.1306295704490132,-0.6912221615828855,-0.9930650010715869,-0.6941222307044743,True
Brittany Snow,Tyler Stanaland,-0.7312718372192712,-0.6832732781056716,-0.7319303549421061,-0.6931590942390935,True
Maribel Verdú,Pedro Larrañaga,-0.7117031533107419,-0.6932526225267708,-0.7572902124073977,-0.6932643373305893,False
Bailee Madison,Blake Richardson,-0.6933224113976149,-0.7001419150528463,-1.09877319694335,-0.693208304684747,False
Adam Driver,Joanne Tucker,-0.7378101204301988,-0.26928773053942745,-0.6951568616799353,-0.693699691284376,True
Alison Brie,Dave Franco,-0.7274237655374947,-0.6945444045327678,-0.7288783782017347,-0.6933434042334374,True
Jamie Dornan,Amelia Warner,-0.7456718353098974,-1.7774525729627122,-0.6934789102078085,-0.7107002595682772,True
Stephen Lang,Kristina Watson,-5.429989213098339,-0.6485194185586707,-1.445818840082488,-0.6932138250454578,False
James Spader,Leslie Stefanson,-0.9128207930464267,-0.7504030269797353,-0.8837449542991216,-0.7382220863044688,True
Hugh Jackman,Deborra-Lee Furness,-0.8929803554726039,-2.370735581532731,-0.6934476771522373,-0.7005303767304714,True
Daniel Day-Lewis,Rebecca Miller,-0.7133025459486539,-0.7483711962561177,-1.1092699254851066,-1.0994393647383838,True
Keira Knightley,James Righton,-0.7038595225886013,-1.3337842464786256,-0.6944623853205556,-0.6936175170744949,True
Kristen Bell,Dax Shepard,-3.279128127596005,-1.1621853938656308,-0.6937973231172041,-0.6950904504519304,True
Gary Oldman,Gisele Schmidt,-6.516330903359699,-0.7037332957716815,-6.51681391631228,-0.7466916448884433,True
Carrie Preston,Michael Emerson,-0.7300602812390622,-1.7197060407611442,-0.7243999552977627,-0.698078501526636,True
Rachael Harris,Christian Hebel,-0.7064228636036862,-0.6931936296908106,-0.7124554793504281,-0.6931749052547787,False
Sean Connery,Micheline Roquebrune,-1.1148419438424817,-0.6848848958972367,-0.7395025389507328,-0.6937215956041163,True
Sam Elliott,Katharine Ross,-3.3513504415173863,-0.8404726935195939,-0.7072915828556106,-0.7080937029380383,True
Kirsten Dunst,Jesse Plemons,-0.8783735744288013,-3.0326405373520426,-0.8813500769243596,-0.695228977992409,True
Mallory Jansen,Simon Phan,-0.80134264517684,-0.7202851225961702,-0.8234423694070951,-0.6931605801708427,False
Sasha Alexander,Edoardo Ponti,-0.940920286331167,-2.017901671221817,-0.7036704817574471,-0.7076673956351218,True
Liana Liberato,Thomas O'Brien,-0.6943716631238424,-0.6954508655060927,-0.6934912030797138,-0.697274944406308,False
Harold Perrineau,Brittany Perrineau,-0.7329526121375967,-0.7518449343859057,-0.6978852398227691,-0.7136524309950794,True
Katy Mixon,Breaux Greer,-1.7097232037873153,-0.6443419251396278,-0.7002111019159996,-0.693457592648409,False
Jessica Chastain,Gian Luca Passi de Preposulo,-2.59595020007818,-0.7124225334951753,-0.6985027189935025,-0.6950860624831856,True
Luke Grimes,Bianca Rodrigues,-0.6986698715568886,-0.693192656297434,-0.697895405818759,-0.6932324210566652,False
Bryan Cranston,Robin Dearden,-0.7280234656952942,-0.6850822017702578,-0.7034673132908207,-0.6932444038909678,True
Shohreh Aghdashloo,Houshang Touzie,-5.202087179054148,-0.688444585139532,-0.7012357147691013,-0.6932399919597332,True
Emma Heming Willis,Bruce Willis,-0.695011062167854,-1.1796501356589157,-0.6935743226949356,-0.6976349696270994,True
Dreama Walker,Christopher McMahon,-0.757224485769969,-0.6819056189123796,-0.7210128386180967,-0.6931946091123589,False
Kate Capshaw,Steven Spielberg,-0.6936081767708737,-2.0877963969416715,-0.6932442826568215,-0.7048950308551802,True
Kelly Preston,John Travolta,-0.7005484814410359,-1.0214405462504992,-0.6934042448291642,-0.6975909879108002,False
Evangeline Lilly,Norman Kali,-0.7274103920433159,-0.709654840726869,-1.3967797244904068,-0.6938135036907456,True
Bridget Regan,Eamon O'Sullivan,-5.558434195703922,-0.7071343362131444,-0.7207641605725428,-0.6932361409581631,True
Hope Davis,Jon Patrick Walker,-1.2155261034399576,-0.6933116878183236,-1.3214336941426819,-0.6933653239042794,True
Gemma Arterton,Rory Keenan,-5.527091186356439,-0.7307396007769249,-0.7575956426117223,-0.69316291145861,False
Mads Mikkelsen,Hanne Jacobsen,-1.2825087240248125,-0.6875592871180025,-0.7380469768974569,-1.0986446620071142,True
Dan Stevens,Susie Hariet,-1.120935885943167,-0.693187324059104,-0.6955204494757332,-0.6932497425303747,True
Yvonne Strahovski,Tim Loden,-0.7071854353449751,-0.6938806824106987,-0.7074444760561001,-0.6932066910660737,True
Lance Reddick,Stephanie Diane Day,-1.0989695446014736,-0.7006763554882838,-0.6934722820551782,-0.7008346306808741,False
Adrien Brody,Georgina Chapman,-0.7377410136886287,-0.6761997346362998,-0.7064845472645045,-1.0988872667413396,False
Natalie Dormer,David Oakes,-0.6970817162314162,-0.6932268455844612,-0.6958891461600238,-0.6932084553850046,False
Jamie Lee Curtis,Christopher Guest,-0.6936793070326264,-1.1217985008256228,-0.6932366519802748,-0.7062248586793558,True
Michelle Yeoh,Jean Todt,-0.7147800863683589,-0.9532192784679765,-0.7126219011230761,-0.6990677734017838,True
Carla Gallo,Mark Satterthwaite,-0.7740217355256505,-0.6931744535522526,-0.6935310744758363,-0.6932137919243662,False
Anthony Ramos,Jasmine Cephas Jones,-3.904512083441256,-2.2091465244880206,-0.7111718409681771,-2.239913528283066,True
Maria Bello,Dominique Crenn,-2.2013147597432017,-0.7236803392568705,-1.0056068387954324,-0.7164862172553423,True
Laura Benanti,Patrick Brown,-0.8783485432449911,-0.6932577437677505,-0.7140039841915478,-0.6933207177370218,False
Julia Roberts,Daniel Moder,-0.846128675444243,-0.943078131500025,-0.6936585314506729,-0.7028961315073197,True
Bob Odenkirk,Naomi Yomtov,-2.0304447081189316,-0.722657964677218,-0.7258623872715244,-0.6932515192853792,True
Woody Harrelson,Laura Louie,-0.8372472388202041,-0.6968137842983291,-1.1112041174032168,-0.6977487525191881,True
Ridley Scott,Giannina Facio,-5.7792524952762285,-1.5530538909353737,-1.1487717343716586,-0.6963376257852936,True
Amanda Schull,George Wilson,-0.7881637983813574,-0.7012576165604951,-0.7523591025209004,-0.6932006048028718,False
Robert Carlyle,Anastasia Shirley,-0.7400972028457087,-0.6710376482469478,-0.7067556440739153,-0.69318290855486,False
Edward Norton,Shauna Robertson,-0.6910815054925479,-0.706459466556514,-1.1133627314366645,-0.6934852585982325,True
Bel Powley,Douglas Booth,-0.6932115073762404,-0.7129030367048017,-0.693209771554459,-0.6935680442277281,False
Bill Paxton,Louise Newbury,-1.905459265780081,-0.6510771483255233,-0.7078340924345863,-0.6931550050690038,False
Benjamin Walker,Kaya Scodelario,-5.884961183775627,-0.7667536067200977,-0.7657982329850448,-0.7047962456259178,True
Nicole Ari Parker,Boris Kodjoe,-2.9903891561223244,-2.097216404962156,-0.7011284988069679,-0.7098271518957748,True
Annie Wersching,Stephen Full,-0.7061488404083143,-0.7098685730408167,-0.7157291885836479,-0.700063878634051,True
Kaya Scodelario,Benjamin Walker,-0.8082214356168951,-5.884921940706091,-1.1649726260619175,-0.6992835062346678,True
Michael B. Jordan,Lori Harvey,-0.6968470642573221,-1.118876083130873,-0.6931764565215301,-0.7177858338956575,False
Adria Arjona,Edgardo Canales,-0.7440234346401766,-0.6931856068519142,-1.1641991449784435,-0.6931568974976923,False
Miles Teller,Keleigh Sperry,-1.0694848097484009,-0.8585834346362748,-0.7049255687150069,-0.6958784237587743,True
Annie Potts,James Hayman,-1.1049252774875313,-0.7460310129821348,-1.1640807940617117,-0.6931855497971213,False
Leslie Bibb,Sam Rockwell,-0.7844600754729161,-0.7412533090578037,-0.7095651111581116,-1.131735966830524,True
Steve Carell,Nancy Carell,-4.781423528478218,-0.7557176032456496,-0.7040131606630382,-0.6935021018864855,True
Katherine Heigl,Josh Kelley,-0.6720588233449369,-2.1944262285892133,-0.6958556867289154,-0.6937843472763401,True
M. Night Shyamalan,Bhavna Vaswani,-5.367988078714654,-1.116564176588458,-0.6993736216092667,-0.6931589681959913,True
Sarah Jessica Parker,Matthew Broderick,-0.6934539030076436,-1.448493358535286,-0.693169459972772,-0.7084469998427405,True
Zooey Deschanel,Jonathan Scott,-0.7196312686651787,-1.3099500586332482,-0.6949774925712351,-0.8562819795173588,False
David Harbour,Lily Allen,-0.7776865357670353,-0.7346299301969079,-0.69638403129834,-0.7037269990770323,True
Molly C. Quinn,Elan Gale,-0.6959098583852228,-1.1396924122623258,-0.6957138591265828,-0.6932086420030279,False
Daniel Radcliffe,Erin Darke,-0.7054232011336916,-0.6603824535118683,-0.6937079587314274,-0.693844626783271,True
Daniel Craig,Rachel Weisz,-1.4558866867792055,-0.6969737312607833,-0.7015535919978788,-0.6932693889111761,True
Greta Lee,Russ Armstrong,-0.8116918426705126,-0.6152372155664718,-0.8418593840585018,-1.0986522507104723,False
Danny McBride,Gia Ruiz,-6.437502350981909,-0.7042553209152764,-0.7424631955667316,-0.6932106621723477,True
Jake Johnson,Erin Payne,-0.6999391971385469,-0.6931609830080916,-0.736954309237233,-0.6932460535526808,True
Stanley Tucci,Felicity Blunt,-0.9811135833498401,-0.7095925683020603,-0.7033356057120148,-0.6943292464393558,True
Kenny Johnson,Cathleen Oveson,-0.8471169529704294,-0.73083541278878,-0.8024846767865315,-0.693196103664846,False
Julia Stiles,Preston J. Cook,-1.896656012550487,-0.6933832162695426,-0.6976281029540061,-1.0987944163350347,True
Eion Bailey,Weyni Mengesha,-0.6941359972832988,-0.6671744695670201,-0.6933033321340387,-1.0987530628969226,False
Ethan Hawke,Ryan Hawke,-0.6958914865229158,-0.6536965737444849,-0.6985920234335783,-0.7028740831340627,True
Jordana Brewster,Mason Morfit,-0.6965778648755148,-0.6931788828201828,-0.695791001727116,-0.69325390717683,True
Helen Mirren,Taylor Hackford,-0.6393836631562522,-0.6686790121991706,-0.6948712950276992,-0.6969961199965038,True
Lacey Chabert,David Nehdar,-0.7011586899462747,-0.8457309613165691,-0.7074766915564625,-0.6932078712456837,True
Reese Witherspoon,Jim Toth,-0.6992504605416272,-0.6938923945818791,-0.6937109780837449,-0.6938689047039031,True
Tamsin Egerton,Josh Hartnett,-0.9433753327865233,-5.681372587035628,-0.7152103431082715,-0.7033095830364449,True
Olivia d'Abo,Patrick Leonard,-0.7204348073088855,-0.6928942278325314,-0.7108176020688184,-0.6937762148203239,False
Simon Pegg,Maureen McCann,-1.8142664250815752,-0.7055709533140515,-1.3891677049903919,-0.6935930051522705,False
Jackie Chan,Feng-Jiao Lin,-1.9932039531976855,-0.6965261115175174,-0.7120899501039055,-1.1078139522800727,True
Tom Welling,Jessica Rose Lee,-1.0945959548099768,-0.6784850082394085,-0.7018159231342374,-0.693660611321528,True
Holly Hunter,Gordon MacDonald,-3.646068059021772,-0.6936654674748821,-0.7055581809325009,-0.6940732844409725,False
Emmanuelle Seigner,Roman Polanski,-0.7101373746194426,-0.7114904797869137,-0.6966304218590924,-0.6947972130059075,True
Piper Perabo,Stephen Kay,-0.7398742040577204,-0.7412231344721691,-0.7424907965601246,-0.6931940252200697,True
David Fincher,Cean Chaffin,-1.8804489890272258,-0.6754463356580382,-0.6963267156962472,-0.6932019255680535,True
Michael Fassbender,Alicia Vikander,-0.7776975609899708,-0.7099690645979386,-0.6983645024327672,-0.7097668680151727,True
Rooney Mara,Joaquin Phoenix,-0.7580674056740921,-0.698996432524754,-0.6943396791720318,-1.1030468979417751,True
Jodi Balfour,Alex Ashbaugh,-0.6935592873208174,-0.6757349759069999,-0.6947058912154338,-0.6931794865552163,False
Emma Thompson,Greg Wise,-1.104162173918425,-0.6915560801892351,-0.6977881616662813,-0.694932328339716,True
Rebecca Breeds,Luke Mitchell,-0.7065886158431693,-0.8039487933283347,-0.7326994569521368,-0.7191603063238663,True
Poorna Jagannathan,Azad Oommen,-0.7343541748387583,-0.6134420543482921,-0.7050489446370847,-0.6932755975984222,False
Melissa Benoist,Chris Wood,-0.7661469085859345,-0.7656444747178757,-0.6957579723496234,-1.6710861274013382,True
Frances McDormand,Joel Coen,-0.7302018192916773,-0.7110972127130868,-0.6964256222268368,-0.6948231853357578,True
Krysten Ritter,Adam Granduciel,-0.7949142194603738,-0.665190744248993,-2.3585136633794495,-1.5408249150344382,True
Fisher Stevens,Alexis Bloom,-0.7034658989360496,-0.7462840743196937,-0.8061546906206631,-1.631740732384559,False
Viggo Mortensen,Ariadna Gil,-0.7745109731603605,-6.475283637901526,-0.9424397080437679,-0.9169546229507546,True
Liv Tyler,Dave Gardner,-1.2010143046495276,-0.6896653855026678,-0.6935861498781364,-1.115533947532418,True
Jack Black,Tanya Haden,-6.379768365674393,-0.6948750517770481,-0.7277083383034846,-0.6934233886451437,True
Michael Cera,Nadia Bowers,-1.488995815580921,-0.7094189111999416,-0.7059397481247567,-3.6420486578183437,False
James Gunn,Jennifer Holland,-0.7127853485448714,-0.6878987270705199,-0.7017076974251477,-0.6934361980673458,True
Neve Campbell,JJ Feild,-4.47581367712731,-3.133106699318711,-0.6968244681271258,-0.7715764914647529,True
John Krasinski,Emily Blunt,-0.7261102551731167,-0.6936683972040605,-0.6933102493783547,-0.6932443950948333,True
Eric Stoltz,Bernadette Moley,-0.9403508829838287,-0.6646932376115675,-0.7826019726705322,-0.6947288527971569,False
John Cena,Shay Shariatzadeh,-0.6887693946430264,-0.6938982562619422,-0.6968338628907027,-0.6939319514569853,True
Michelle Williams,Thomas Kail,-0.7344869241141536,-0.7535935283590796,-0.7232165778292741,-0.7632040348064875,True
Geena Davis,Reza Jarrahy,-1.0833595102819444,-0.7139515967380046,-1.0896821627758104,-0.6974974152331406,False
Emily Swallow,Chad Kimball,-0.7341921225373804,-0.6931867049856688,-0.7553160864446831,-0.6931824862027369,True
Paul Rudd,Julie Yaeger,-0.7235328435515083,-0.7589633307690473,-0.6942167564102437,-0.723077395102381,True
James Mangold,Cathy Konrad,-1.2873182113206898,-0.6932036224438658,-1.144089334263974,-0.6935951177957751,False
Milla Jovovich,Paul W. S. Anderson,-1.372781795880492,-7.243162002249701,-0.703470933083354,-7.243162012708833,True
James Norton,Imogen Poots,-2.408090991007212,-0.6853261790637886,-0.8556949456855634,-0.6933581060082492,False
Edward Furlong,Monica Keena,-0.7204967458598537,-0.6306143106899844,-0.7394125535122562,-0.6931880232416248,False
Sam Levinson,Ashley Lent Levinson,-1.1678862718175536,-0.6938725759874416,-1.1227787737458588,-0.6940611777192345,False
Boyd Holbrook,Tatiana Pajkovic,-0.6757272977646451,-0.6579431523641555,-0.7705427017762743,-0.6960404917671577,True
Iain Glen,Charlotte Emmerson,-1.0847838112522386,-3.9660383062023774,-0.8423715704473747,-0.6931667089120843,False
Nicola Peltz Beckham,Brooklyn Beckham,-0.7604768994219278,-1.1842599501115405,-0.6955936846225654,-0.6955756104814315,False
Ariana Richards,Mark Bolton,-0.7278465010676687,-0.6932234043149634,-0.6935331320047347,-0.6931922147138803,False
Cameron Diaz,Benji Madden,-0.6941819233556057,-1.2140669015647862,-0.6938796755377084,-1.214919001378739,True
Sarah Paulson,Holland Taylor,-1.173681997380676,-0.6250987741752514,-0.7009861139536042,-1.0997599320811666,False
Stana Katic,Kris Brkljac,-4.347242845393122,-0.6954797507212964,-0.6954808801292653,-0.6933443219467401,True
Joel Kinnaman,Kelly Gale,-0.8997029052699226,-1.743893600779849,-0.7358299685351994,-0.7358561970920174,True
Erin Murphy,Darren Dunckel,-0.7933982762270535,-0.6791375546698557,-1.1362429659194415,-0.6931742297532617,False
Jeri Ryan,Christophe Émé,-0.833424470129648,-0.6937708757309684,-0.6957854126467788,-0.6933293136836891,False
Cary Elwes,Lisa Marie Kurbikoff,-1.3118279312729797,-0.7955835569738507,-0.8029827862389478,-0.8888552591404908,True
Will Ferrell,Viveca Paulin,-3.3342471789908696,-0.6942794265982855,-0.6948217291234542,-0.6948102198924442,True
Renee Olstead,Tommy King,-0.9114530222633332,-0.6557691285259288,-2.511832023993036,-0.693215413414423,False
Ian McShane,Gwen Humble,-3.9751076012664903,-3.5944905714648447,-0.7265497838038488,-0.6932739516283934,False
Wendie Malick,Richard Erickson,-0.7100678358440629,-0.6932166831824418,-0.6974176354633368,-0.6931794784791094,False
Elisabeth Shue,Davis Guggenheim,-0.6853123208884924,-0.8046470654596867,-0.695369153698719,-0.7740830808801942,False
JoAnna Garcia Swisher,Nick Swisher,-0.7746248654819032,-0.5136060591740037,-0.6969866328750927,-0.6947108813653315,True
Jennifer Nettles,Justin Miller,-0.7693606312825967,-0.7136737475897057,-0.7096395057589255,-0.6932490554631396,True
Haley Lu Richardson,Brett Dier,-1.0272315625128359,-1.1496860911267666,-0.7533841820812555,-0.738447804142389,True
Stephen Schneider,Jenna Fischer,-0.6802319889452386,-0.6963747311939859,-0.6949545146332508,-0.69501894521221,False
Richa Moorjani,Bharat Rishi Moorjani,-1.1643746664992394,-0.722077939600835,-0.6932400610245448,-0.6932363401806301,False
Kathryn Hahn,Ethan Sandler,-4.328185077120202,-1.0730749801358481,-0.7550341844681103,-0.8115502371887331,True
Mila Kunis,Ashton Kutcher,-0.7003060820540874,-1.3273547451059429,-0.693386515902457,-0.6932734882349081,True
Sean Young,Robert Lujan,-0.7700280601023044,-0.7169183603269058,-0.6956181298806232,-0.6932705374281962,True
Jessica Biel,Justin Timberlake,-0.6813503600877358,-0.7045116939765563,-0.693321041237601,-0.6932030364880557,True
Vera Farmiga,Renn Hawkey,-1.7166452777543721,-0.6857766859922139,-0.7112369806102485,-0.6949326894359684,True
Ray Stevenson,Elisabetta Caraccia,-0.8480455819077779,-0.693230649605642,-0.7190360345865656,-0.693230724612409,False
Wes Bentley,Jacqui Swedberg,-0.8873021329928932,-0.6914144900378885,-0.742921152894148,-1.0990993379778002,False
Grant Gustin,Andrea Thoma,-0.7193223984062591,-0.7059962269831033,-0.7064654278091957,-0.6932498151786461,True
Danielle Panabaker,Hayes Robbins,-0.7600492908610139,-0.6933372589259044,-0.7451811184042274,-0.6932875397742464,True
Emmanuelle Chriqui,Adrian Bellani,-0.7029758957176728,-0.6932983795114067,-0.7212818085667365,-0.6932147712326513,False
Meredith Baxter,Nancy Locke,-1.0311890038655047,-0.694144159677692,-1.360056545122239,-0.6937459092812777,True
Addison Timlin,Jeremy Allen White,-1.3043843160600321,-0.7317251824375841,-0.9433122051503862,-0.7317170630515877,True
Alessandro Nivola,Emily Mortimer,-0.7400901812847085,-0.9851654333083122,-0.7471346003030686,-0.7468355246571754,True
Paget Brewster,Steve Damstra,-0.9568472839017446,-0.48212411362617225,-0.7009434689025955,-0.6931533616898786,True
Sofía Vergara,Joe Manganiello,-0.844542950874855,-1.909307532301824,-1.609616660282775,-0.6933160954019488,True
Sam Rockwell,Leslie Bibb,-0.7158867724280995,-0.794988869181573,-0.7579878953707659,-0.7102010624956652,True
Sarah Hyland,Wells Adams,-0.717426163123978,-1.7330610250355827,-0.693690313502282,-0.6978109573996782,True
Suzy Amis,James Cameron,-0.73823759098007,-0.7451864808750042,-0.6932028678281998,-0.6945423076245802,False
Joshua Jackson,Jodie Turner-Smith,-4.9030098897904475,-1.861103290362637,-0.6949394934796427,-0.6951373744117362,True
Seann William Scott,Olivia Korenberg,-0.9999440789544556,-1.0726778264850028,-0.6956861238139886,-0.6934061822328301,False
J. Smith-Cameron,Kenneth Lonergan,-0.7116826359453441,-3.3899284410510244,-0.6955222351059422,-0.8218003700707008,True
Robin Wright,Clement Giraudet,-0.70121138571918,-0.6581660948067114,-0.697368442932075,-0.6938158104350398,True
Lily Collins,Charlie McDowell,-0.697456452160746,-0.8008443805267857,-0.6958834856886291,-0.7093737516160834,True
Jodie Foster,Alexandra Hedison,-0.7073240101929716,-4.863204389499479,-1.1014706363770426,-0.6943984849977216,True
Tim McGraw,Faith Hill,-0.6950625609637555,-0.6945621909262059,-0.6933600884395226,-0.6933085620455106,True
Josh Brolin,Kathryn Boyd,-4.246881744404102,-0.7190210494505482,-0.6963232781820228,-0.7212398655768668,True
Fortune Feimster,Jacquelyn Smith,-2.227758953214746,-0.7369020858366451,-0.7378537076953329,-0.6932410287816246,False
Kurt Russell,Goldie Hawn,-0.6952421070197836,-3.4721185526494995,-0.6935151906315404,-0.6935885465528262,False
Stellan Skarsgård,Megan Everett,-1.3198991149515003,-0.6932413202276493,-0.7581652896526663,-0.6931902374678547,True
Robert Rodriguez,Rose McGowan,-0.7084247198210214,-0.6718281947401223,-0.6965752986558407,-0.707664945067199,False
Adam Devine,Chloe Bridges,-0.6981088728665839,-1.3945047064537874,-0.6941888671319649,-0.714617151371824,False
Carey Mulligan,Marcus Mumford,-0.7274374011797882,-0.8312304833223951,-0.7082325538276262,-0.7840799059412493,True
Jenna Fischer,Lee Kirk,-0.7017516041640359,-1.739651820213921,-1.0995562213405794,-0.6940934503804765,True
Matt Bomer,Simon Halls,-0.6943802981508149,-0.7079493203855378,-0.6943283336392447,-0.6977587131204075,True
Joseph Gordon-Levitt,Tasha McCauley,-5.841355869244393,-0.7064746041262246,-0.7381437193749445,-1.1161656389466916,True
Willem Dafoe,Giada Colagrande,-2.400181669050351,-1.4597996134873243,-0.8640492303340395,-0.6967273989383127,True
Claire Danes,Hugh Dancy,-1.4939181789694693,-0.851723306203743,-0.696546519087228,-0.7457111716258655,True
Robert Patrick,Barbara Patrick,-0.8557267305875351,-0.6555620366496608,-0.7834897031564036,-0.6932524230833979,True
Mahershala Ali,Amatus Sami-Karim,-0.7099941001808396,-0.704191680963703,-0.6946342175033369,-0.7099105249983202,True
Cyndi Lauper,David Thornton,-0.6948337702678273,-0.7698668482342335,-0.6944766167153666,-0.7297710688571026,True
Richard Gere,Alejandra Silva,-0.7573850485437177,-0.7739479878555162,-0.6989888684493213,-0.7463805260029144,True
Ben Stiller,Christine Taylor,-0.7912535340648468,-0.6956247590704088,-1.0993462861188394,-0.6954365585877476,True
Dianna Agron,Winston Marshall,-1.198944847476879,-4.8513289008855285,-0.6986314342826123,-0.7723387307449583,False
Michael Cudlitz,Rachel Cudlitz,-0.8874458448525857,-0.7375105308848067,-0.7879700533883085,-1.1524523742092532,False
Ewan McGregor,Mary Elizabeth Winstead,-3.112911628136395,-0.9239703770389269,-0.7020942472353475,-0.9214731531642233,True
Judy Greer,Dean E. Johnsen,-1.173689143152039,-0.6931731421199121,-0.7280461819051833,-0.693228152818337,True
Jacinda Barrett,Gabriel Macht,-1.1755150993035315,-2.1462536875429734,-0.7217036476796874,-0.715749903838784,True
Eva Longoria,José Bastón,-0.8869687506151784,-0.7929968727365093,-0.6939040976391695,-0.6936572764132123,True
Bridget Moynahan,Andrew Frankel,-0.6759853256726762,-1.3507162674288251,-1.3881912259174545,-0.7045947303516202,True
Richard Armitage,Michelle Forbes,-0.7080197493420721,-1.3570250248414126,-1.5227854929541715,-1.1230787787170318,False
Christine Taylor,Ben Stiller,-0.6721526443209509,-0.6949476489193884,-1.0996882223285809,-0.6943082253088075,True
Rob Lowe,Sheryl Berkoff,-0.7043975632479214,-0.7793118403501831,-0.6961197294020884,-0.6937168264410305,True
James McAvoy,Lisa Liberati,-0.7066270120038372,-0.6931584484283242,-0.7238899200840727,-0.6933145737627813,False
Justice Smith,Nicholas Ashe,-0.6957754950266386,-0.7441547399223829,-0.6951530526518415,-0.6933244944462356,True
Anthony Hopkins,Stella Arroyave,-0.7211995304177261,-0.7104782030691901,-0.716685346037174,-0.6942016818882948,True
Joe Cole,Carly Zucker,-0.7239872462376278,-0.7108231718063056,-0.7153066512408586,-1.0997097447293172,True
Benedict Cumberbatch,Sophie Hunter,-2.024057589765807,-0.7483289518713256,-0.6936211167516735,-0.694356351658886,True
Molly Ringwald,Panio Gianopoulos,-0.7117185498498122,-0.7298205728720646,-0.6946995682671266,-0.7117350797099,True
Donald Glover,Michelle White,-0.7358896236422563,-0.6876065346009526,-0.6936827322214789,-0.6932664119649399,True
Zack Snyder,Deborah Snyder,-0.6360010803463627,-1.208364747730002,-0.6980408192722471,-0.6976291422176377,True
Shirley Rumierk,Lin-Manuel Miranda,-0.6912865575998168,-0.7208826906628669,-0.6941015268853388,-0.7123380091954541,False
Christoph Waltz,Judith Holste,-1.3533529532127062,-0.664693742634773,-0.9117406759576703,-0.6932043204445417,True
Jonathan Rhys Meyers,Mara Lane,-2.5771241649726626,-1.134670639071329,-0.7029853906050416,-0.7030418210715217,True
Ron Livingston,Rosemarie DeWitt,-0.7745513156869892,-0.7125823915860607,-1.2376747470636902,-0.7444474306006583,True
Jeff Bridges,Susan Geston,-2.0995589108991854,-0.6987875533026147,-1.119629911633595,-0.6949289195933721,True
Nikolaj Coster-Waldau,Nukaâka Coster-Waldau,-8.039675444653003,-7.060162441265605,-2.1982147761656474,-0.7375495905268252,True
Mark Rylance,Claire van Kampen,-1.242724995590068,-0.7052431527160135,-0.7025418721901602,-0.6939203493875414,True
Julianne Moore,Bart Freundlich,-1.8601571965596548,-0.7314176289569385,-0.6971426641677443,-0.7323740014490365,True
Lindy Booth,Jeff Wadlow,-0.7747388333134602,-0.6940491643976756,-0.6932191006434829,-0.6952050968745196,False
Julia Louis-Dreyfus,Brad Hall,-0.6685699280415491,-0.8675458361792323,-0.6936873430939237,-0.8590332045401947,True
Pierce Brosnan,Keely Shaye Smith,-4.538449287045867,-1.341433996689771,-0.704620340699444,-0.693390703518193,True
Denise Richards,Aaron Phypers,-1.1063241051522237,-0.7314412155177994,-0.7034218127262424,-0.6939828437066762,True
Matthew Goode,Sophie Dymoke,-3.2819281890092746,-0.8218761339825855,-0.6992527133555377,-0.6951405062601808,True
Kiefer Sutherland,Cindy Vela,-3.0144235836604993,-0.6935057085549534,-0.7489977868953313,-0.693426529215297,True
Josh Dallas,Ginnifer Goodwin,-5.300006938415491,-0.7213360194120089,-0.694185856421683,-0.695159561130259,True
Alyssa Milano,Dave Bugliari,-0.7356625579865756,-0.7243641149639313,-0.6945509843978819,-0.6967474348742653,True
Maggie Grace,Brent Bushnell,-0.9938933397695617,-0.7811678851348143,-0.7819423375840788,-0.7162950927778429,True
Jolene Blalock,Michael Rapino,-1.2248996192428336,-0.7003061952371219,-0.7108260872936363,-0.6970761143939086,True
Michael Rooker,Margot Rooker,-0.9300588719376961,-0.6495667322804222,-0.8002569981601635,-0.7122061880901596,False
Claire Forlani,Dougray Scott,-4.289602981622176,-0.7760210873733993,-1.4277402219498159,-0.9219618836096348,True
David Shields,Lori Shields,-0.7036852247085923,-0.7804466942500374,-0.6938204200370324,-0.6932010690884827,False
Sharon Horgan,Jeremy Rainbird,-0.7217915990313726,-0.6931566698458331,-0.7232156338148465,-0.6931944618080612,False
Rachel Nichols,Max Nichols,-1.1948335183311896,-0.731744977808999,-1.189171058756072,-0.693446571136044,True
Erika Christensen,Cole Maness,-0.7892508806227863,-0.6769683130955642,-0.733904826168768,-0.6931973636068172,True
Jewel Staite,Charlie Ritchie,-0.7829155991166594,-0.7995946768352402,-0.7258806041917065,-0.7009854464057765,False
Toni Collette,Dave Galafassi,-0.6635768088697551,-0.7430631331918622,-0.6942041402963284,-0.6944803756718994,True
Neal McDonough,Ruve Robertson,-2.9625827054739684,-0.6830773466101085,-0.8024558003476727,-0.6944856762187905,True
Paul Thomas Anderson,Maya Rudolph,-0.7223513421007972,-1.2184697829529672,-0.7069614380179772,-0.6997079096195868,True
Emily Deschanel,David Hornsby,-0.7097305997748524,-0.7257282170635069,-0.7292058785614834,-0.7157386240691448,True
Madeleine Sami,Ladyhawke (Phillipa Margaret Brown),-1.4113539480958712,-0.8054439382060501,-0.7297146713122231,-0.8201903983842005,True
Denis Villeneuve,Tanya Lapointe,-2.1865846264705064,-0.6932289838176295,-0.7878128431527429,-0.6931584811200224,True
Jeff Goldblum,Emilie Livingston,-0.7734216073769371,-0.7327660166255034,-0.7158710838408577,-0.6938988415564049,True
Patrick Wilson,Dagmara Domińczyk,-5.407418031819202,-0.7382150652063739,-0.7069521684147642,-0.6944695258536537,True
Jena Malone,Ethan DeLorenzo,-1.584450971389126,-0.6637003629545166,-0.6949384258017943,-0.6932044199026137,True
Rebecca Hall,Morgan Spector,-0.8143607464927562,-0.8389325851561473,-0.7133292249449603,-0.7530019296362429,True
Mary Steenburgen,Ted Danson,-0.7114960885236021,-0.8904174251363948,-0.6933596945009883,-0.695831199229838,True
Alisan Porter,Justin de Vera,-0.9884918477295006,-0.6519604490882109,-1.023125133383882,-0.6931964797280301,False
Olivia Munn,John Mulaney,-0.7126229674791258,-0.7003718755424142,-0.6952141344767551,-0.716346163603788,False
Theo James,Ruth Kearney,-2.6594130940889995,-0.635490001000079,-0.6951561502567865,-0.7103388820891627,True
Sophie Turner,Joe Jonas,-0.6988881577432977,-3.546902310664251,-0.6931669337286834,-0.6933513697540299,True
Vincent D'Onofrio,Carin van der Donk,-1.3577859269993375,-0.6970227189205511,-0.6981094898474769,-0.6946944770034484,True
Danny DeVito,Rhea Perlman,-4.293916584287266,-0.7973623834332102,-0.6939809562843973,-0.6934904267542112,True
Rose Leslie,Kit Harington,-0.7223809664986458,-0.703983509620782,-0.6938496154539688,-0.6961995069478384,True
J.C. Chandor,Mary Cameron Goodyear,-1.3862197319139353,-0.6931955664604654,-1.3277610819538443,-0.6931949749630357,False
Guy Pearce,Carice van Houten,-1.202683758418825,-0.7610981919114082,-0.7141832038632696,-0.7004260194361915,True
Jonah Hill,Gianna Santos,-0.8884935279675661,-0.6768889023148521,-0.695264242999083,-0.6933150249774513,True
Haley Bennett,Joe Wright,-0.7229951310439304,-0.8177608839995418,-0.7101743703534869,-0.7466587311700739,True
Samantha Morton,Harry Holm,-0.9016375390707889,-0.6853916106284217,-0.8597586006542919,-0.6932482484139015,False
Stephen Root,Romy Rosemont,-1.6465407337796272,-0.7159799649121448,-0.7768103103418653,-0.695706462595262,True
Brendan Gleeson,Mary Gleeson,-2.125536066434705,-0.6931703124552122,-1.0288843341536147,-0.6932047809005795,False
Aidan Turner,Caitlin Fitzgerald,-0.6934553737316236,-0.7169948903678041,-0.6931942767569179,-0.7502695207223038,True
Jami Gertz,Tony Ressler,-0.6629798618129072,-1.3126515355750268,-0.6936755255827816,-0.7125244546256413,True
Melissa Barrera,Paco Zazueta,-0.8211991086121291,-0.6931995167733387,-0.70967389775066,-0.6931588359743284,True
Daveed Diggs,Emmy Raver-Lampman,-1.082824438461734,-0.8511663330645023,-0.7043505994310886,-0.7277552349120873,True
Odette Annable,Dave Annable,-0.734480982494981,-2.3700945575754098,-0.7336670488473356,-0.897274237551005,True
Catherine Zeta-Jones,Michael Douglas,-0.7089746458558572,-5.072025828188625,-0.6932167437931813,-0.7110449872037048,True
Patrick Warburton,Cathy Jennings,-0.7769919583188036,-0.7292752860752731,-0.7132384362183135,-0.6932698124961512,False
Ethan Coen,Tricia Cooke,-0.9424597635887029,-0.6946246310560911,-0.8660369185694385,-0.6968741128067011,True
Josh Segarra,Brace Rice,-0.8256016856457684,-2.3332501561002665,-0.9110077785272885,-0.9218319448493926,False
Anna Faris,Michael Barrett,-0.703422158698416,-0.7120843577274574,-0.6943551898453286,-0.6933474637851731,True
Kristin Kreuk,Mark Hildreth,-0.679392223119085,-1.0315371154575725,-0.693622191646944,-0.7150479740280042,False
Anthony Michael Hall,Lucia Oskerova,-0.7284336480491289,-1.0545189335820773,-1.2093882970119214,-1.0986477735450455,False
Ali Larter,Hayes MacArthur,-0.724835095096017,-0.6899937802247216,-0.6943120376278102,-0.7047955291219292,True
Christine Baumgartner,Kevin Costner,-0.6925797165460965,-0.7170724805868556,-0.6939865148547817,-0.7391744310742894,True
Ray Liotta,Jacy Nittolo,-1.1105123626794429,-0.7038848997995686,-0.8410285432986715,-0.6931729167782983,False
Michelle Hurd,Garin Sparks,-5.443275148471398,-0.695117933266479,-1.822530620483093,-0.6938777170859698,False
Jenny Slate,Ben Shattuck,-0.7783953251189928,-0.6808817756523924,-0.7123310314481692,-0.6938443644119809,True
Phoebe Fox,Kyle Soller,-0.6931956632322365,-2.380545920913499,-0.6932163929889175,-0.718748850846632,True
Jonny Lee Miller,Michele Hicks,-1.9856424324137496,-1.152210328443667,-0.6982391490167936,-0.7223037487668158,True
Dichen Lachman,Maximilian Osinski,-1.3134991883837825,-0.7013889759418301,-1.2388264306356849,-0.6932235424125448,True
Rose McIver,George Byrne,-0.7252725727357126,-3.5508523828904863,-1.1200740970320284,-0.6932116931692303,False
Ron Howard,Cheryl Howard,-2.9254622566171014,-0.7057558671493496,-0.8268322343233923,-0.6969307296166729,True
Steven Yeun,Joana Pak,-0.7231055908062718,-0.674835638065348,-0.6959291923779052,-0.6953682716970704,True
